TOWNCODE,P_2004  ,W_2004,final_win_P2004,P_2008 ,W_2008,final_win_P2008,P_2012,W_2012,final_win_P2012,P_2016,W_2016,final_win_P2016,P_2020,W_2020,final_win_P2020
63000120,B,G,0,B,B,1,B,B,1,G,G,1,G,G,1
63000110,G,G,1,B,B,1,B,B,1,G,G,1,G,G,1
63000100,B,G,0,B,B,1,B,B,1,G,G,1,G,G,1
63000090,B,G,0,B,B,1,B,B,1,G,G,1,G,G,1
63000080,B,G,0,B,B,1,B,B,1,B,G,0,B,G,0
63000070,B,G,0,B,B,1,B,B,1,G,G,1,G,G,1
63000060,G,G,1,G,B,0,B,B,1,G,G,1,G,G,1
63000050,B,G,0,B,B,1,G,B,0,G,G,1,G,G,1
63000010,G,G,1,B,B,1,B,B,1,G,G,1,G,G,1
63000030,B,G,0,B,B,1,B,B,1,G,G,1,G,G,1
63000020,B,G,0,B,B,1,B,B,1,G,G,1,G,G,1
63000040,B,G,0,B,B,1,B,B,1,G,G,1,G,G,1
64000110,G,G,1,G,B,0,G,B,0,G,G,1,G,G,1
64000100,G,G,1,G,B,0,G,B,0,G,G,1,G,G,1
64000090,G,G,1,G,B,0,G,B,0,G,G,1,G,G,1
64000080,G,G,1,B,B,1,G,B,0,G,G,1,G,G,1
64000070,G,G,1,B,B,1,G,B,0,G,G,1,G,G,1
64000060,G,G,1,B,B,1,G,B,0,G,G,1,G,G,1
64000050,G,G,1,B,B,1,G,B,0,G,G,1,G,G,1
64000040,G,G,1,B,B,1,G,B,0,G,G,1,G,G,1
64000030,B,G,0,B,B,1,B,B,1,G,G,1,G,G,1
64000020,G,G,1,B,B,1,G,B,0,G,G,1,G,G,1
64000010,G,G,1,G,B,0,G,B,0,G,G,1,G,G,1
64000380,B,G,0,B,B,1,B,B,1,B,G,0,B,G,0
64000370,B,G,0,B,B,1,B,B,1,B,G,0,B,G,0
64000360,B,G,0,B,B,1,B,B,1,B,G,0,B,G,0
64000350,G,G,1,B,B,1,G,B,0,G,G,1,G,G,1
64000340,G,G,1,B,B,1,G,B,0,G,G,1,G,G,1
64000330,B,G,0,B,B,1,B,B,1,G,G,1,G,G,1
64000320,G,G,1,G,B,0,G,B,0,G,G,1,G,G,1
64000310,G,G,1,B,B,1,G,B,0,G,G,1,G,G,1
64000300,G,G,1,G,B,0,G,B,0,G,G,1,G,G,1
64000290,G,G,1,G,B,0,G,B,0,G,G,1,G,G,1
64000280,G,G,1,G,B,0,G,B,0,G,G,1,G,G,1
64000270,G,G,1,G,B,0,G,B,0,G,G,1,G,G,1
64000260,G,G,1,G,B,0,G,B,0,G,G,1,G,G,1
64000250,G,G,1,G,B,0,G,B,0,G,G,1,G,G,1
64000240,G,G,1,G,B,0,G,B,0,G,G,1,G,G,1
64000230,G,G,1,G,B,0,G,B,0,G,G,1,G,G,1
64000220,G,G,1,G,B,0,G,B,0,G,G,1,G,G,1
64000210,G,G,1,G,B,0,G,B,0,G,G,1,G,G,1
64000200,G,G,1,G,B,0,G,B,0,G,G,1,G,G,1
64000190,G,G,1,B,B,1,G,B,0,G,G,1,G,G,1
64000180,G,G,1,G,B,0,G,B,0,G,G,1,G,G,1
64000170,G,G,1,G,B,0,G,B,0,G,G,1,G,G,1
64000160,G,G,1,G,B,0,G,B,0,G,G,1,G,G,1
64000150,G,G,1,G,B,0,G,B,0,G,G,1,G,G,1
64000140,G,G,1,G,B,0,G,B,0,G,G,1,G,G,1
64000130,G,G,1,G,B,0,G,B,0,G,G,1,G,G,1
64000120,G,G,1,B,B,1,G,B,0,G,G,1,G,G,1
66000080,B,G,0,B,B,1,B,B,1,G,G,1,G,G,1
66000070,B,G,0,B,B,1,B,B,1,G,G,1,G,G,1
66000060,B,G,0,B,B,1,B,B,1,G,G,1,G,G,1
66000050,B,G,0,B,B,1,B,B,1,G,G,1,G,G,1
66000040,B,G,0,B,B,1,B,B,1,G,G,1,G,G,1
66000030,B,G,0,B,B,1,B,B,1,G,G,1,G,G,1
66000020,G,G,1,B,B,1,G,B,0,G,G,1,G,G,1
66000010,G,G,1,B,B,1,B,B,1,G,G,1,G,G,1
66000290,B,G,0,B,B,1,B,B,1,B,G,0,B,G,0
66000280,G,G,1,B,B,1,B,B,1,G,G,1,G,G,1
66000270,B,G,0,B,B,1,B,B,1,G,G,1,G,G,1
66000260,G,G,1,B,B,1,B,B,1,G,G,1,G,G,1
66000250,G,G,1,B,B,1,B,B,1,G,G,1,G,G,1
66000240,B,G,0,B,B,1,B,B,1,G,G,1,G,G,1
66000230,G,G,1,B,B,1,B,B,1,G,G,1,G,G,1
66000220,G,G,1,B,B,1,B,B,1,G,G,1,G,G,1
66000210,B,G,0,B,B,1,B,B,1,G,G,1,G,G,1
66000200,B,G,0,B,B,1,B,B,1,G,G,1,G,G,1
66000190,G,G,1,B,B,1,G,B,0,G,G,1,G,G,1
66000180,B,G,0,B,B,1,B,B,1,G,G,1,G,G,1
66000170,G,G,1,B,B,1,B,B,1,G,G,1,G,G,1
66000160,G,G,1,B,B,1,G,B,0,G,G,1,G,G,1
66000150,G,G,1,B,B,1,B,B,1,G,G,1,G,G,1
66000140,G,G,1,B,B,1,B,B,1,G,G,1,G,G,1
66000130,G,G,1,B,B,1,B,B,1,G,G,1,G,G,1
66000120,G,G,1,B,B,1,G,B,0,G,G,1,G,G,1
66000110,G,G,1,B,B,1,B,B,1,G,G,1,G,G,1
66000100,B,G,0,B,B,1,B,B,1,G,G,1,G,G,1
66000090,G,G,1,B,B,1,G,B,0,G,G,1,G,G,1
67000370,G,G,1,G,B,0,G,B,0,G,G,1,G,G,1
67000360,G,G,1,B,B,1,G,B,0,G,G,1,G,G,1
67000350,G,G,1,G,B,0,G,B,0,G,G,1,G,G,1
67000340,G,G,1,B,B,1,G,B,0,G,G,1,G,G,1
67000330,G,G,1,G,B,0,G,B,0,G,G,1,G,G,1
67000320,G,G,1,B,B,1,B,B,1,G,G,1,G,G,1
67000310,G,G,1,B,B,1,G,B,0,G,G,1,G,G,1
67000300,G,G,1,G,B,0,G,B,0,G,G,1,G,G,1
67000290,G,G,1,G,B,0,G,B,0,G,G,1,G,G,1
67000280,G,G,1,G,B,0,G,B,0,G,G,1,G,G,1
67000270,G,G,1,G,B,0,G,B,0,G,G,1,G,G,1
67000260,G,G,1,G,B,0,G,B,0,G,G,1,G,G,1
67000250,G,G,1,B,B,1,G,B,0,G,G,1,G,G,1
67000240,B,G,0,B,B,1,B,B,1,G,G,1,B,G,0
67000230,G,G,1,B,B,1,G,B,0,G,G,1,G,G,1
67000220,G,G,1,G,B,0,G,B,0,G,G,1,G,G,1
67000210,G,G,1,G,B,0,G,B,0,G,G,1,G,G,1
67000200,G,G,1,G,B,0,G,B,0,G,G,1,G,G,1
67000190,G,G,1,G,B,0,G,B,0,G,G,1,G,G,1
67000180,G,G,1,B,B,1,G,B,0,G,G,1,G,G,1
67000170,G,G,1,G,B,0,G,B,0,G,G,1,G,G,1
67000160,G,G,1,G,B,0,G,B,0,G,G,1,G,G,1
67000150,G,G,1,G,B,0,G,B,0,G,G,1,G,G,1
67000140,G,G,1,G,B,0,G,B,0,G,G,1,G,G,1
67000130,G,G,1,G,B,0,G,B,0,G,G,1,G,G,1
67000120,G,G,1,G,B,0,G,B,0,G,G,1,G,G,1
67000110,G,G,1,G,B,0,G,B,0,G,G,1,G,G,1
67000100,G,G,1,G,B,0,G,B,0,G,G,1,G,G,1
67000090,G,G,1,G,B,0,G,B,0,G,G,1,G,G,1
67000080,G,G,1,G,B,0,G,B,0,G,G,1,G,G,1
67000070,G,G,1,G,B,0,G,B,0,G,G,1,G,G,1
67000060,G,G,1,G,B,0,G,B,0,G,G,1,G,G,1
67000050,G,G,1,G,B,0,G,B,0,G,G,1,G,G,1
67000040,G,G,1,G,B,0,G,B,0,G,G,1,G,G,1
67000030,G,G,1,G,B,0,G,B,0,G,G,1,G,G,1
67000020,G,G,1,G,B,0,G,B,0,G,G,1,G,G,1
67000010,G,G,1,B,B,1,G,B,0,G,G,1,G,G,1
65000290,B,G,0,B,B,1,B,B,1,G,G,1,B,G,0
65000280,B,G,0,B,B,1,B,B,1,G,G,1,G,G,1
65000270,G,G,1,B,B,1,B,B,1,G,G,1,G,G,1
65000260,G,G,1,G,B,0,G,B,0,G,G,1,G,G,1
65000250,G,G,1,B,B,1,B,B,1,G,G,1,G,G,1
65000240,G,G,1,B,B,1,G,B,0,G,G,1,G,G,1
65000230,B,G,0,B,B,1,B,B,1,G,G,1,G,G,1
65000220,B,G,0,B,B,1,B,B,1,G,G,1,G,G,1
65000210,B,G,0,B,B,1,B,B,1,G,G,1,G,G,1
65000200,G,G,1,G,B,0,G,B,0,G,G,1,G,G,1
65000190,G,G,1,G,B,0,G,B,0,G,G,1,G,G,1
65000180,B,G,0,B,B,1,B,B,1,G,G,1,G,G,1
65000170,B,G,0,B,B,1,B,B,1,G,G,1,G,G,1
65000160,B,G,0,B,B,1,B,B,1,G,G,1,G,G,1
65000150,G,G,1,B,B,1,G,B,0,G,G,1,G,G,1
65000140,G,G,1,B,B,1,G,B,0,G,G,1,G,G,1
65000130,B,G,0,B,B,1,B,B,1,G,G,1,G,G,1
65000120,B,G,0,B,B,1,B,B,1,G,G,1,G,G,1
65000110,B,G,0,B,B,1,B,B,1,G,G,1,G,G,1
65000100,B,G,0,B,B,1,B,B,1,G,G,1,G,G,1
65000090,B,G,0,B,B,1,B,B,1,G,G,1,G,G,1
65000080,G,G,1,B,B,1,B,B,1,G,G,1,G,G,1
65000070,G,G,1,B,B,1,B,B,1,G,G,1,G,G,1
65000060,B,G,0,B,B,1,B,B,1,B,G,0,B,G,0
65000050,G,G,1,B,B,1,G,B,0,G,G,1,G,G,1
65000040,B,G,0,B,B,1,B,B,1,B,G,0,B,G,0
65000030,B,G,0,B,B,1,B,B,1,G,G,1,G,G,1
65000020,G,G,1,B,B,1,G,B,0,G,G,1,G,G,1
65000010,G,G,1,B,B,1,B,B,1,G,G,1,G,G,1
68000130,B,G,0,B,B,1,B,B,1,B,G,0,B,G,0
68000120,G,G,1,B,B,1,G,B,0,G,G,1,G,G,1
68000110,G,G,1,B,B,1,G,B,0,G,G,1,G,G,1
68000100,B,G,0,B,B,1,B,B,1,G,G,1,G,G,1
68000090,B,G,0,B,B,1,B,B,1,G,G,1,G,G,1
68000080,B,G,0,B,B,1,B,B,1,G,G,1,G,G,1
68000070,B,G,0,B,B,1,B,B,1,G,G,1,G,G,1
68000060,G,G,1,B,B,1,G,B,0,G,G,1,G,G,1
68000050,G,G,1,B,B,1,B,B,1,G,G,1,G,G,1
68000040,B,G,0,B,B,1,B,B,1,G,G,1,G,G,1
68000030,G,G,1,B,B,1,B,B,1,G,G,1,G,G,1
68000020,B,G,0,B,B,1,B,B,1,G,G,1,G,G,1
68000010,B,G,0,B,B,1,B,B,1,G,G,1,G,G,1
10004130,B,G,0,B,B,1,B,B,1,B,G,0,B,G,0
10004120,B,G,0,B,B,1,B,B,1,B,G,0,B,G,0
10004110,B,G,0,B,B,1,B,B,1,G,G,1,B,G,0
10004100,B,G,0,B,B,1,B,B,1,G,G,1,B,G,0
10004090,B,G,0,B,B,1,B,B,1,G,G,1,B,G,0
10004080,B,G,0,B,B,1,B,B,1,B,G,0,B,G,0
10004070,B,G,0,B,B,1,B,B,1,G,G,1,B,G,0
10004060,B,G,0,B,B,1,B,B,1,G,G,1,G,G,1
10004050,B,G,0,B,B,1,B,B,1,G,G,1,B,G,0
10004040,B,G,0,B,B,1,B,B,1,G,G,1,B,G,0
10004030,B,G,0,B,B,1,B,B,1,G,G,1,G,G,1
10004020,B,G,0,B,B,1,B,B,1,B,G,0,B,G,0
10004010,B,G,0,B,B,1,B,B,1,G,G,1,G,G,1
10002120,B,G,0,B,B,1,B,B,1,B,G,0,B,G,0
10002110,B,G,0,B,B,1,B,B,1,B,G,0,B,G,0
10002100,G,G,1,G,B,0,G,B,0,G,G,1,G,G,1
10002090,G,G,1,G,B,0,G,B,0,G,G,1,G,G,1
10002080,G,G,1,G,B,0,G,B,0,G,G,1,G,G,1
10002070,G,G,1,G,B,0,G,B,0,G,G,1,G,G,1
10002060,G,G,1,G,B,0,G,B,0,G,G,1,G,G,1
10002050,G,G,1,G,B,0,G,B,0,G,G,1,G,G,1
10002040,B,G,0,B,B,1,B,B,1,G,G,1,G,G,1
10002030,G,G,1,B,B,1,G,B,0,G,G,1,G,G,1
10002020,G,G,1,B,B,1,G,B,0,G,G,1,G,G,1
10002010,G,G,1,B,B,1,B,B,1,G,G,1,G,G,1
10005180,B,G,0,B,B,1,B,B,1,G,G,1,B,G,0
10005170,B,G,0,B,B,1,B,B,1,B,G,0,B,G,0
10005160,B,G,0,B,B,1,B,B,1,B,G,0,B,G,0
10005150,B,G,0,B,B,1,B,B,1,G,G,1,B,G,0
10005140,B,G,0,B,B,1,B,B,1,B,G,0,B,G,0
10005130,B,G,0,B,B,1,B,B,1,B,G,0,B,G,0
10005120,B,G,0,B,B,1,B,B,1,B,G,0,B,G,0
10005110,B,G,0,B,B,1,B,B,1,B,G,0,B,G,0
10005100,B,G,0,B,B,1,B,B,1,B,G,0,B,G,0
10005090,B,G,0,B,B,1,B,B,1,G,G,1,B,G,0
10005080,B,G,0,B,B,1,B,B,1,B,G,0,B,G,0
10005070,G,G,1,B,B,1,B,B,1,G,G,1,G,G,1
10005060,B,G,0,B,B,1,B,B,1,G,G,1,G,G,1
10005050,B,G,0,B,B,1,B,B,1,G,G,1,B,G,0
10005040,B,G,0,B,B,1,B,B,1,G,G,1,G,G,1
10005030,G,G,1,B,B,1,B,B,1,G,G,1,G,G,1
10005020,G,G,1,B,B,1,G,B,0,G,G,1,G,G,1
10005010,B,G,0,B,B,1,B,B,1,B,G,0,B,G,0
10007260,G,G,1,G,B,0,G,B,0,G,G,1,G,G,1
10007250,G,G,1,G,B,0,G,B,0,G,G,1,G,G,1
10007240,B,G,0,B,B,1,B,B,1,G,G,1,G,G,1
10007230,G,G,1,B,B,1,G,B,0,G,G,1,G,G,1
10007220,G,G,1,B,B,1,G,B,0,G,G,1,G,G,1
10007210,G,G,1,B,B,1,B,B,1,G,G,1,G,G,1
10007200,B,G,0,B,B,1,B,B,1,G,G,1,G,G,1
10007190,G,G,1,B,B,1,B,B,1,G,G,1,G,G,1
10007180,G,G,1,B,B,1,G,B,0,G,G,1,G,G,1
10007170,G,G,1,B,B,1,G,B,0,G,G,1,G,G,1
10007160,G,G,1,B,B,1,B,B,1,G,G,1,G,G,1
10007150,G,G,1,B,B,1,G,B,0,G,G,1,G,G,1
10007140,B,G,0,B,B,1,B,B,1,G,G,1,G,G,1
10007130,G,G,1,B,B,1,B,B,1,G,G,1,G,G,1
10007120,G,G,1,B,B,1,B,B,1,G,G,1,G,G,1
10007110,G,G,1,B,B,1,B,B,1,G,G,1,G,G,1
10007100,B,G,0,B,B,1,B,B,1,G,G,1,G,G,1
10007090,G,G,1,B,B,1,G,B,0,G,G,1,G,G,1
10007080,B,G,0,B,B,1,B,B,1,G,G,1,G,G,1
10007070,G,G,1,B,B,1,G,B,0,G,G,1,G,G,1
10007060,G,G,1,B,B,1,G,B,0,G,G,1,G,G,1
10007050,B,G,0,B,B,1,B,B,1,G,G,1,G,G,1
10007040,B,G,0,B,B,1,B,B,1,G,G,1,G,G,1
10007030,G,G,1,B,B,1,B,B,1,G,G,1,G,G,1
10007020,G,G,1,B,B,1,G,B,0,G,G,1,G,G,1
10007010,B,G,0,B,B,1,B,B,1,G,G,1,G,G,1
10008130,B,G,0,B,B,1,B,B,1,B,G,0,B,G,0
10008120,B,G,0,B,B,1,B,B,1,B,G,0,B,G,0
10008110,B,G,0,B,B,1,B,B,1,G,G,1,G,G,1
10008100,B,G,0,B,B,1,B,B,1,G,G,1,B,G,0
10008090,G,G,1,B,B,1,B,B,1,G,G,1,G,G,1
10008080,G,G,1,B,B,1,B,B,1,G,G,1,G,G,1
10008070,G,G,1,B,B,1,B,B,1,G,G,1,G,G,1
10008060,G,G,1,B,B,1,G,B,0,G,G,1,G,G,1
10008050,B,G,0,B,B,1,B,B,1,G,G,1,G,G,1
10008040,G,G,1,B,B,1,G,B,0,G,G,1,G,G,1
10008030,B,G,0,B,B,1,B,B,1,G,G,1,G,G,1
10008020,B,G,0,B,B,1,B,B,1,G,G,1,G,G,1
10008010,B,G,0,B,B,1,B,B,1,G,G,1,G,G,1
10009200,G,G,1,G,B,0,G,B,0,G,G,1,G,G,1
10009190,G,G,1,G,B,0,G,B,0,G,G,1,G,G,1
10009180,G,G,1,G,B,0,G,B,0,G,G,1,G,G,1
10009170,G,G,1,G,B,0,G,B,0,G,G,1,G,G,1
10009160,B,G,0,B,B,1,B,B,1,G,G,1,G,G,1
10009150,G,G,1,G,B,0,G,B,0,G,G,1,G,G,1
10009140,G,G,1,B,B,1,G,B,0,G,G,1,G,G,1
10009130,B,G,0,B,B,1,B,B,1,G,G,1,G,G,1
10009120,G,G,1,G,B,0,G,B,0,G,G,1,G,G,1
10009110,G,G,1,G,B,0,G,B,0,G,G,1,G,G,1
10009100,G,G,1,B,B,1,G,B,0,G,G,1,G,G,1
10009090,G,G,1,G,B,0,G,B,0,G,G,1,G,G,1
10009080,G,G,1,G,B,0,G,B,0,G,G,1,G,G,1
10009070,G,G,1,G,B,0,G,B,0,G,G,1,G,G,1
10009060,G,G,1,G,B,0,G,B,0,G,G,1,G,G,1
10009050,G,G,1,G,B,0,G,B,0,G,G,1,G,G,1
10009040,G,G,1,G,B,0,G,B,0,G,G,1,G,G,1
10009030,G,G,1,B,B,1,B,B,1,G,G,1,G,G,1
10009020,G,G,1,B,B,1,G,B,0,G,G,1,G,G,1
10009010,G,G,1,B,B,1,B,B,1,G,G,1,G,G,1
10010180,B,G,0,B,B,1,B,B,1,B,G,0,B,G,0
10010170,B,G,0,B,B,1,B,B,1,G,G,1,G,G,1
10010160,G,G,1,G,B,0,G,B,0,G,G,1,G,G,1
10010150,G,G,1,G,B,0,G,B,0,G,G,1,G,G,1
10010140,G,G,1,G,B,0,G,B,0,G,G,1,G,G,1
10010130,G,G,1,G,B,0,G,B,0,G,G,1,G,G,1
10010120,G,G,1,G,B,0,G,B,0,G,G,1,G,G,1
10010110,G,G,1,G,B,0,G,B,0,G,G,1,G,G,1
10010100,G,G,1,G,B,0,G,B,0,G,G,1,G,G,1
10010090,G,G,1,G,B,0,G,B,0,G,G,1,G,G,1
10010080,G,G,1,G,B,0,G,B,0,G,G,1,G,G,1
10010070,G,G,1,G,B,0,G,B,0,G,G,1,G,G,1
10010060,G,G,1,G,B,0,G,B,0,G,G,1,G,G,1
10010050,G,G,1,G,B,0,G,B,0,G,G,1,G,G,1
10010040,G,G,1,G,B,0,G,B,0,G,G,1,G,G,1
10010030,G,G,1,G,B,0,G,B,0,G,G,1,G,G,1
10010020,G,G,1,G,B,0,G,B,0,G,G,1,G,G,1
10010010,G,G,1,G,B,0,G,B,0,G,G,1,G,G,1
10013330,B,G,0,B,B,1,B,B,1,B,G,0,B,G,0
10013320,B,G,0,B,B,1,B,B,1,B,G,0,B,G,0
10013310,B,G,0,B,B,1,B,B,1,B,G,0,B,G,0
10013300,B,G,0,B,B,1,B,B,1,B,G,0,B,G,0
10013290,B,G,0,B,B,1,B,B,1,B,G,0,B,G,0
10013280,B,G,0,B,B,1,B,B,1,B,G,0,B,G,0
10013270,B,G,0,B,B,1,B,B,1,B,G,0,B,G,0
10013260,B,G,0,B,B,1,B,B,1,B,G,0,B,G,0
10013250,G,G,1,G,B,0,G,B,0,G,G,1,G,G,1
10013240,G,G,1,B,B,1,G,B,0,G,G,1,B,G,0
10013230,G,G,1,G,B,0,G,B,0,G,G,1,B,G,0
10013220,B,G,0,B,B,1,B,B,1,G,G,1,B,G,0
10013210,G,G,1,G,B,0,G,B,0,G,G,1,G,G,1
10013200,G,G,1,G,B,0,G,B,0,G,G,1,G,G,1
10013190,G,G,1,G,B,0,G,B,0,G,G,1,G,G,1
10013180,G,G,1,G,B,0,G,B,0,G,G,1,G,G,1
10013170,G,G,1,G,B,0,G,B,0,G,G,1,G,G,1
10013160,G,G,1,G,B,0,G,B,0,G,G,1,G,G,1
10013150,G,G,1,G,B,0,G,B,0,G,G,1,G,G,1
10013140,G,G,1,G,B,0,G,B,0,G,G,1,G,G,1
10013130,G,G,1,G,B,0,G,B,0,G,G,1,G,G,1
10013120,G,G,1,G,B,0,G,B,0,G,G,1,G,G,1
10013110,G,G,1,G,B,0,G,B,0,G,G,1,G,G,1
10013100,G,G,1,B,B,1,G,B,0,G,G,1,G,G,1
10013090,G,G,1,G,B,0,G,B,0,G,G,1,G,G,1
10013080,G,G,1,G,B,0,G,B,0,G,G,1,G,G,1
10013070,G,G,1,G,B,0,G,B,0,G,G,1,G,G,1
10013060,G,G,1,G,B,0,G,B,0,G,G,1,G,G,1
10013050,G,G,1,G,B,0,G,B,0,G,G,1,G,G,1
10013040,G,G,1,B,B,1,G,B,0,G,G,1,G,G,1
10013030,G,G,1,G,B,0,G,B,0,G,G,1,G,G,1
10013020,G,G,1,G,B,0,G,B,0,G,G,1,G,G,1
10013010,G,G,1,B,B,1,B,B,1,G,G,1,G,G,1
10015130,B,G,0,B,B,1,B,B,1,B,G,0,B,G,0
10015120,B,G,0,B,B,1,B,B,1,B,G,0,B,G,0
10015110,B,G,0,B,B,1,B,B,1,B,G,0,B,G,0
10015100,B,G,0,B,B,1,B,B,1,B,G,0,B,G,0
10015090,B,G,0,B,B,1,B,B,1,B,G,0,B,G,0
10015080,B,G,0,B,B,1,B,B,1,B,G,0,B,G,0
10015070,B,G,0,B,B,1,B,B,1,B,G,0,B,G,0
10015060,B,G,0,B,B,1,B,B,1,B,G,0,B,G,0
10015050,B,G,0,B,B,1,B,B,1,B,G,0,B,G,0
10015040,B,G,0,B,B,1,B,B,1,B,G,0,B,G,0
10015030,B,G,0,B,B,1,B,B,1,B,G,0,B,G,0
10015020,B,G,0,B,B,1,B,B,1,B,G,0,B,G,0
10015010,B,G,0,B,B,1,B,B,1,B,G,0,B,G,0
10014160,B,G,0,B,B,1,B,B,1,O,G,0,B,G,0
10014150,B,G,0,B,B,1,B,B,1,B,G,0,B,G,0
10014140,B,G,0,B,B,1,B,B,1,B,G,0,B,G,0
10014130,B,G,0,B,B,1,B,B,1,B,G,0,B,G,0
10014120,B,G,0,B,B,1,B,B,1,B,G,0,B,G,0
10014110,B,G,0,B,B,1,B,B,1,B,G,0,B,G,0
10014100,B,G,0,B,B,1,B,B,1,B,G,0,B,G,0
10014090,B,G,0,B,B,1,B,B,1,B,G,0,B,G,0
10014080,B,G,0,B,B,1,B,B,1,B,G,0,B,G,0
10014070,B,G,0,B,B,1,B,B,1,B,G,0,B,G,0
10014060,B,G,0,B,B,1,B,B,1,G,G,1,B,G,0
10014050,B,G,0,B,B,1,B,B,1,G,G,1,B,G,0
10014040,B,G,0,B,B,1,B,B,1,G,G,1,B,G,0
10014030,B,G,0,B,B,1,B,B,1,B,G,0,B,G,0
10014020,B,G,0,B,B,1,B,B,1,B,G,0,B,G,0
10014010,B,G,0,B,B,1,B,B,1,G,G,1,B,G,0
10020020,G,G,1,B,B,1,G,B,0,G,G,1,G,G,1
10020010,G,G,1,B,B,1,B,B,1,G,G,1,G,G,1
10018030,G,G,1,B,B,1,B,B,1,G,G,1,G,G,1
10018020,B,G,0,B,B,1,B,B,1,G,G,1,G,G,1
10018010,B,G,0,B,B,1,B,B,1,G,G,1,G,G,1
10017070,B,G,0,B,B,1,B,B,1,G,G,1,G,G,1
10017060,B,G,0,B,B,1,B,B,1,G,G,1,G,G,1
10017050,B,G,0,B,B,1,B,B,1,G,G,1,G,G,1
10017040,B,G,0,B,B,1,B,B,1,G,G,1,G,G,1
10017030,B,G,0,B,B,1,B,B,1,G,G,1,G,G,1
10017020,B,G,0,B,B,1,B,B,1,G,G,1,G,G,1
10017010,B,G,0,B,B,1,B,B,1,G,G,1,G,G,1
10016060,B,G,0,B,B,1,B,B,1,O,G,0,B,G,0
10016050,G,G,1,G,B,0,G,B,0,G,G,1,G,G,1
10016040,B,G,0,B,B,1,G,B,0,G,G,1,G,G,1
10016030,G,G,1,B,B,1,B,B,1,G,G,1,G,G,1
10016020,G,G,1,G,B,0,G,B,0,G,G,1,G,G,1
10016010,B,G,0,B,B,1,B,B,1,G,G,1,G,G,1
